text,intent
كم رصيدي,balance
كم رصيدي الآن,balance
كم رصيدي بسرعة,balance
كم رصيدي لو سمحت,balance
كم رصيدي من فضلك,balance
لو سمحت كم رصيدي,balance
لو سمحت كم رصيدي الآن,balance
لو سمحت كم رصيدي بسرعة,balance
لو سمحت كم رصيدي لو سمحت,balance
لو سمحت كم رصيدي من فضلك,balance
ممكن كم رصيدي,balance
ممكن كم رصيدي الآن,balance
ممكن كم رصيدي بسرعة,balance
ممكن كم رصيدي لو سمحت,balance
ممكن كم رصيدي من فضلك,balance
أبي كم رصيدي,balance
أبي كم رصيدي الآن,balance
أبي كم رصيدي بسرعة,balance
أبي كم رصيدي لو سمحت,balance
أبي كم رصيدي من فضلك,balance
أحتاج كم رصيدي,balance
أحتاج كم رصيدي الآن,balance
أحتاج كم رصيدي بسرعة,balance
أحتاج كم رصيدي لو سمحت,balance
أحتاج كم رصيدي من فضلك,balance
ياليت كم رصيدي,balance
ياليت كم رصيدي الآن,balance
ياليت كم رصيدي بسرعة,balance
ياليت كم رصيدي لو سمحت,balance
ياليت كم رصيدي من فضلك,balance
أبي أشوف رصيدي,balance
اعرض الرصيد,balance
وش رصيدي الحالي,balance
كم باقي في حسابي,balance
كم معي فلوس,balance
ورني الرصيد,balance
أبي أعرف رصيدي,balance
افتح صفحة الرصيد,balance
رصيدي كم,balance
افتح البطاقات,cards
افتح البطاقات الآن,cards
افتح البطاقات بسرعة,cards
افتح البطاقات لو سمحت,cards
افتح البطاقات من فضلك,cards
لو سمحت افتح البطاقات,cards
لو سمحت افتح البطاقات الآن,cards
لو سمحت افتح البطاقات بسرعة,cards
لو سمحت افتح البطاقات لو سمحت,cards
لو سمحت افتح البطاقات من فضلك,cards
ممكن افتح البطاقات,cards
ممكن افتح البطاقات الآن,cards
ممكن افتح البطاقات بسرعة,cards
ممكن افتح البطاقات لو سمحت,cards
ممكن افتح البطاقات من فضلك,cards
أبي افتح البطاقات,cards
أبي افتح البطاقات الآن,cards
أبي افتح البطاقات بسرعة,cards
أبي افتح البطاقات لو سمحت,cards
أبي افتح البطاقات من فضلك,cards
أحتاج افتح البطاقات,cards
أحتاج افتح البطاقات الآن,cards
أحتاج افتح البطاقات بسرعة,cards
أحتاج افتح البطاقات لو سمحت,cards
أحتاج افتح البطاقات من فضلك,cards
ياليت افتح البطاقات,cards
ياليت افتح البطاقات الآن,cards
ياليت افتح البطاقات بسرعة,cards
ياليت افتح البطاقات لو سمحت,cards
ياليت افتح البطاقات من فضلك,cards
أبي بطاقاتي,cards
اعرض البطاقات,cards
وين بطاقاتي,cards
روح للبطاقات,cards
افتح بطاقة مدى,cards
أبي أشوف بطاقاتي,cards
اعرض بطاقة الائتمان,cards
ورني البطاقات,cards
انتقل إلى البطاقات,cards
روح للرئيسية,home
روح للرئيسية الآن,home
روح للرئيسية بسرعة,home
روح للرئيسية لو سمحت,home
روح للرئيسية من فضلك,home
لو سمحت روح للرئيسية,home
لو سمحت روح للرئيسية الآن,home
لو سمحت روح للرئيسية بسرعة,home
لو سمحت روح للرئيسية لو سمحت,home
لو سمحت روح للرئيسية من فضلك,home
ممكن روح للرئيسية,home
ممكن روح للرئيسية الآن,home
ممكن روح للرئيسية بسرعة,home
ممكن روح للرئيسية لو سمحت,home
ممكن روح للرئيسية من فضلك,home
أبي روح للرئيسية,home
أبي روح للرئيسية الآن,home
أبي روح للرئيسية بسرعة,home
أبي روح للرئيسية لو سمحت,home
أبي روح للرئيسية من فضلك,home
أحتاج روح للرئيسية,home
أحتاج روح للرئيسية الآن,home
أحتاج روح للرئيسية بسرعة,home
أحتاج روح للرئيسية لو سمحت,home
أحتاج روح للرئيسية من فضلك,home
ياليت روح للرئيسية,home
ياليت روح للرئيسية الآن,home
ياليت روح للرئيسية بسرعة,home
ياليت روح للرئيسية لو سمحت,home
ياليت روح للرئيسية من فضلك,home
افتح الصفحة الرئيسية,home
ارجع للرئيسية,home
أبي الصفحة الرئيسية,home
ودني للرئيسية,home
ارجع للبداية,home
افتح الصفحة الأولى,home
الرئيسية لو سمحت,home
خذني للرئيسية,home
أطلع الصفحة الرئيسية,home
اعرض آخر العمليات,transactions
اعرض آخر العمليات الآن,transactions
اعرض آخر العمليات بسرعة,transactions
اعرض آخر العمليات لو سمحت,transactions
اعرض آخر العمليات من فضلك,transactions
لو سمحت اعرض آخر العمليات,transactions
لو سمحت اعرض آخر العمليات الآن,transactions
لو سمحت اعرض آخر العمليات بسرعة,transactions
لو سمحت اعرض آخر العمليات لو سمحت,transactions
لو سمحت اعرض آخر العمليات من فضلك,transactions
ممكن اعرض آخر العمليات,transactions
ممكن اعرض آخر العمليات الآن,transactions
ممكن اعرض آخر العمليات بسرعة,transactions
ممكن اعرض آخر العمليات لو سمحت,transactions
ممكن اعرض آخر العمليات من فضلك,transactions
أبي اعرض آخر العمليات,transactions
أبي اعرض آخر العمليات الآن,transactions
أبي اعرض آخر العمليات بسرعة,transactions
أبي اعرض آخر العمليات لو سمحت,transactions
أبي اعرض آخر العمليات من فضلك,transactions
أحتاج اعرض آخر العمليات,transactions
أحتاج اعرض آخر العمليات الآن,transactions
أحتاج اعرض آخر العمليات بسرعة,transactions
أحتاج اعرض آخر العمليات لو سمحت,transactions
أحتاج اعرض آخر العمليات من فضلك,transactions
ياليت اعرض آخر العمليات,transactions
ياليت اعرض آخر العمليات الآن,transactions
ياليت اعرض آخر العمليات بسرعة,transactions
ياليت اعرض آخر العمليات لو سمحت,transactions
ياليت اعرض آخر العمليات من فضلك,transactions
أبي كشف الحساب,transactions
ورني العمليات الأخيرة,transactions
وش آخر العمليات,transactions
اعرض الحركات البنكية,transactions
كشف الحساب لو سمحت,transactions
آخر التحويلات,transactions
آخر حركة بحسابي,transactions
ورني كشف الحساب,transactions
افتح العمليات,transactions
وين أقرب صراف,atm
وين أقرب صراف الآن,atm
وين أقرب صراف بسرعة,atm
وين أقرب صراف لو سمحت,atm
وين أقرب صراف من فضلك,atm
لو سمحت وين أقرب صراف,atm
لو سمحت وين أقرب صراف الآن,atm
لو سمحت وين أقرب صراف بسرعة,atm
لو سمحت وين أقرب صراف لو سمحت,atm
لو سمحت وين أقرب صراف من فضلك,atm
ممكن وين أقرب صراف,atm
ممكن وين أقرب صراف الآن,atm
ممكن وين أقرب صراف بسرعة,atm
ممكن وين أقرب صراف لو سمحت,atm
ممكن وين أقرب صراف من فضلك,atm
أبي وين أقرب صراف,atm
أبي وين أقرب صراف الآن,atm
أبي وين أقرب صراف بسرعة,atm
أبي وين أقرب صراف لو سمحت,atm
أبي وين أقرب صراف من فضلك,atm
أحتاج وين أقرب صراف,atm
أحتاج وين أقرب صراف الآن,atm
أحتاج وين أقرب صراف بسرعة,atm
أحتاج وين أقرب صراف لو سمحت,atm
أحتاج وين أقرب صراف من فضلك,atm
ياليت وين أقرب صراف,atm
ياليت وين أقرب صراف الآن,atm
ياليت وين أقرب صراف بسرعة,atm
ياليت وين أقرب صراف لو سمحت,atm
ياليت وين أقرب صراف من فضلك,atm
أقرب جهاز صراف,atm
اعرض أجهزة الصراف,atm
دلني على صراف قريب,atm
أبي أقرب ATM,atm
وين ماكينة الصراف,atm
أقرب صراف,atm
وين الصراف,atm
دلني على ماكينة,atm
أبي جهاز صراف,atm
وين أقرب فرع,branch
وين أقرب فرع الآن,branch
وين أقرب فرع بسرعة,branch
وين أقرب فرع لو سمحت,branch
وين أقرب فرع من فضلك,branch
لو سمحت وين أقرب فرع,branch
لو سمحت وين أقرب فرع الآن,branch
لو سمحت وين أقرب فرع بسرعة,branch
لو سمحت وين أقرب فرع لو سمحت,branch
لو سمحت وين أقرب فرع من فضلك,branch
ممكن وين أقرب فرع,branch
ممكن وين أقرب فرع الآن,branch
ممكن وين أقرب فرع بسرعة,branch
ممكن وين أقرب فرع لو سمحت,branch
ممكن وين أقرب فرع من فضلك,branch
أبي وين أقرب فرع,branch
أبي وين أقرب فرع الآن,branch
أبي وين أقرب فرع بسرعة,branch
أبي وين أقرب فرع لو سمحت,branch
أبي وين أقرب فرع من فضلك,branch
أحتاج وين أقرب فرع,branch
أحتاج وين أقرب فرع الآن,branch
أحتاج وين أقرب فرع بسرعة,branch
أحتاج وين أقرب فرع لو سمحت,branch
أحتاج وين أقرب فرع من فضلك,branch
ياليت وين أقرب فرع,branch
ياليت وين أقرب فرع الآن,branch
ياليت وين أقرب فرع بسرعة,branch
ياليت وين أقرب فرع لو سمحت,branch
ياليت وين أقرب فرع من فضلك,branch
اعرض الفروع,branch
أبي أقرب فرع,branch
دلني على فرع قريب,branch
وين فروع الإنماء,branch
أقرب فرع لي,branch
افتح الفروع,branch
وين الفرع,branch
أحتاج فرع,branch
روح للفروع,branch
ساعدني,help
ساعدني الآن,help
ساعدني بسرعة,help
ساعدني لو سمحت,help
ساعدني من فضلك,help
لو سمحت ساعدني,help
لو سمحت ساعدني الآن,help
لو سمحت ساعدني بسرعة,help
لو سمحت ساعدني لو سمحت,help
لو سمحت ساعدني من فضلك,help
ممكن ساعدني,help
ممكن ساعدني الآن,help
ممكن ساعدني بسرعة,help
ممكن ساعدني لو سمحت,help
ممكن ساعدني من فضلك,help
أبي ساعدني,help
أبي ساعدني الآن,help
أبي ساعدني بسرعة,help
أبي ساعدني لو سمحت,help
أبي ساعدني من فضلك,help
أحتاج ساعدني,help
أحتاج ساعدني الآن,help
أحتاج ساعدني بسرعة,help
أحتاج ساعدني لو سمحت,help
أحتاج ساعدني من فضلك,help
ياليت ساعدني,help
ياليت ساعدني الآن,help
ياليت ساعدني بسرعة,help
ياليت ساعدني لو سمحت,help
ياليت ساعدني من فضلك,help
احتاج مساعدة,help
كيف أستخدم التطبيق,help
اشرح لي التطبيق,help
ما أعرف أستخدم التطبيق,help
أحتاج شرح,help
كيف أبدأ,help
علمني,help
ما فهمت,help
حول فلوس,transfer
حول فلوس الآن,transfer
حول فلوس بسرعة,transfer
حول فلوس لو سمحت,transfer
حول فلوس من فضلك,transfer
لو سمحت حول فلوس,transfer
لو سمحت حول فلوس الآن,transfer
لو سمحت حول فلوس بسرعة,transfer
لو سمحت حول فلوس لو سمحت,transfer
لو سمحت حول فلوس من فضلك,transfer
ممكن حول فلوس,transfer
ممكن حول فلوس الآن,transfer
ممكن حول فلوس بسرعة,transfer
ممكن حول فلوس لو سمحت,transfer
ممكن حول فلوس من فضلك,transfer
أبي حول فلوس,transfer
أبي حول فلوس الآن,transfer
أبي حول فلوس بسرعة,transfer
أبي حول فلوس لو سمحت,transfer
أبي حول فلوس من فضلك,transfer
أحتاج حول فلوس,transfer
أحتاج حول فلوس الآن,transfer
أحتاج حول فلوس بسرعة,transfer
أحتاج حول فلوس لو سمحت,transfer
أحتاج حول فلوس من فضلك,transfer
ياليت حول فلوس,transfer
ياليت حول فلوس الآن,transfer
ياليت حول فلوس بسرعة,transfer
ياليت حول فلوس لو سمحت,transfer
ياليت حول فلوس من فضلك,transfer
أبي أحول مبلغ,transfer
نفذ تحويل,transfer
حول إلى مستفيد,transfer
أرسل مبلغ,transfer
أبي أسوي تحويل,transfer
حول ريال,transfer
ابدأ تحويل,transfer
أرسل حوالة,transfer
تحويل مالي,transfer
أضف مستفيد جديد,beneficiary
أضف مستفيد جديد الآن,beneficiary
أضف مستفيد جديد بسرعة,beneficiary
أضف مستفيد جديد لو سمحت,beneficiary
أضف مستفيد جديد من فضلك,beneficiary
لو سمحت أضف مستفيد جديد,beneficiary
لو سمحت أضف مستفيد جديد الآن,beneficiary
لو سمحت أضف مستفيد جديد بسرعة,beneficiary
لو سمحت أضف مستفيد جديد لو سمحت,beneficiary
لو سمحت أضف مستفيد جديد من فضلك,beneficiary
ممكن أضف مستفيد جديد,beneficiary
ممكن أضف مستفيد جديد الآن,beneficiary
ممكن أضف مستفيد جديد بسرعة,beneficiary
ممكن أضف مستفيد جديد لو سمحت,beneficiary
ممكن أضف مستفيد جديد من فضلك,beneficiary
أبي أضف مستفيد جديد,beneficiary
أبي أضف مستفيد جديد الآن,beneficiary
أبي أضف مستفيد جديد بسرعة,beneficiary
أبي أضف مستفيد جديد لو سمحت,beneficiary
أبي أضف مستفيد جديد من فضلك,beneficiary
أحتاج أضف مستفيد جديد,beneficiary
أحتاج أضف مستفيد جديد الآن,beneficiary
أحتاج أضف مستفيد جديد بسرعة,beneficiary
أحتاج أضف مستفيد جديد لو سمحت,beneficiary
أحتاج أضف مستفيد جديد من فضلك,beneficiary
ياليت أضف مستفيد جديد,beneficiary
ياليت أضف مستفيد جديد الآن,beneficiary
ياليت أضف مستفيد جديد بسرعة,beneficiary
ياليت أضف مستفيد جديد لو سمحت,beneficiary
ياليت أضف مستفيد جديد من فضلك,beneficiary
أبي أضيف مستفيد,beneficiary
إضافة مستفيد,beneficiary
أنشئ مستفيد جديد,beneficiary
أضف شخص للتحويل,beneficiary
سجل مستفيد,beneficiary
ضيف مستفيد,beneficiary
إدارة المستفيدين,beneficiary
ورني المستفيدين,beneficiary
مستفيد جديد,beneficiary
افتح الإعدادات,settings
افتح الإعدادات الآن,settings
افتح الإعدادات بسرعة,settings
افتح الإعدادات لو سمحت,settings
افتح الإعدادات من فضلك,settings
لو سمحت افتح الإعدادات,settings
لو سمحت افتح الإعدادات الآن,settings
لو سمحت افتح الإعدادات بسرعة,settings
لو سمحت افتح الإعدادات لو سمحت,settings
لو سمحت افتح الإعدادات من فضلك,settings
ممكن افتح الإعدادات,settings
ممكن افتح الإعدادات الآن,settings
ممكن افتح الإعدادات بسرعة,settings
ممكن افتح الإعدادات لو سمحت,settings
ممكن افتح الإعدادات من فضلك,settings
أبي افتح الإعدادات,settings
أبي افتح الإعدادات الآن,settings
أبي افتح الإعدادات بسرعة,settings
أبي افتح الإعدادات لو سمحت,settings
أبي افتح الإعدادات من فضلك,settings
أحتاج افتح الإعدادات,settings
أحتاج افتح الإعدادات الآن,settings
أحتاج افتح الإعدادات بسرعة,settings
أحتاج افتح الإعدادات لو سمحت,settings
أحتاج افتح الإعدادات من فضلك,settings
ياليت افتح الإعدادات,settings
ياليت افتح الإعدادات الآن,settings
ياليت افتح الإعدادات بسرعة,settings
ياليت افتح الإعدادات لو سمحت,settings
ياليت افتح الإعدادات من فضلك,settings
روح للإعدادات,settings
أبي الإعدادات,settings
غير إعدادات التطبيق,settings
إعدادات الحساب,settings
إعدادات,settings
الإعدادات,settings
أفتح الضبط,settings
تعديل الإعدادات,settings
إعدادات التطبيق,settings
اعرض حساباتي,accounts
اعرض حساباتي الآن,accounts
اعرض حساباتي بسرعة,accounts
اعرض حساباتي لو سمحت,accounts
اعرض حساباتي من فضلك,accounts
لو سمحت اعرض حساباتي,accounts
لو سمحت اعرض حساباتي الآن,accounts
لو سمحت اعرض حساباتي بسرعة,accounts
لو سمحت اعرض حساباتي لو سمحت,accounts
لو سمحت اعرض حساباتي من فضلك,accounts
ممكن اعرض حساباتي,accounts
ممكن اعرض حساباتي الآن,accounts
ممكن اعرض حساباتي بسرعة,accounts
ممكن اعرض حساباتي لو سمحت,accounts
ممكن اعرض حساباتي من فضلك,accounts
أبي اعرض حساباتي,accounts
أبي اعرض حساباتي الآن,accounts
أبي اعرض حساباتي بسرعة,accounts
أبي اعرض حساباتي لو سمحت,accounts
أبي اعرض حساباتي من فضلك,accounts
أحتاج اعرض حساباتي,accounts
أحتاج اعرض حساباتي الآن,accounts
أحتاج اعرض حساباتي بسرعة,accounts
أحتاج اعرض حساباتي لو سمحت,accounts
أحتاج اعرض حساباتي من فضلك,accounts
ياليت اعرض حساباتي,accounts
ياليت اعرض حساباتي الآن,accounts
ياليت اعرض حساباتي بسرعة,accounts
ياليت اعرض حساباتي لو سمحت,accounts
ياليت اعرض حساباتي من فضلك,accounts
وش حساباتي,accounts
أبي أشوف حساباتي,accounts
ورني الحسابات,accounts
افتح الحسابات,accounts
حساباتي,accounts
كل الحسابات,accounts
الحسابات البنكية,accounts
اعرض جميع الحسابات,accounts
روح للحسابات,accounts
وش عندي إشعارات,notifications
وش عندي إشعارات الآن,notifications
وش عندي إشعارات بسرعة,notifications
وش عندي إشعارات لو سمحت,notifications
وش عندي إشعارات من فضلك,notifications
لو سمحت وش عندي إشعارات,notifications
لو سمحت وش عندي إشعارات الآن,notifications
لو سمحت وش عندي إشعارات بسرعة,notifications
لو سمحت وش عندي إشعارات لو سمحت,notifications
لو سمحت وش عندي إشعارات من فضلك,notifications
ممكن وش عندي إشعارات,notifications
ممكن وش عندي إشعارات الآن,notifications
ممكن وش عندي إشعارات بسرعة,notifications
ممكن وش عندي إشعارات لو سمحت,notifications
ممكن وش عندي إشعارات من فضلك,notifications
أبي وش عندي إشعارات,notifications
أبي وش عندي إشعارات الآن,notifications
أبي وش عندي إشعارات بسرعة,notifications
أبي وش عندي إشعارات لو سمحت,notifications
أبي وش عندي إشعارات من فضلك,notifications
أحتاج وش عندي إشعارات,notifications
أحتاج وش عندي إشعارات الآن,notifications
أحتاج وش عندي إشعارات بسرعة,notifications
أحتاج وش عندي إشعارات لو سمحت,notifications
أحتاج وش عندي إشعارات من فضلك,notifications
ياليت وش عندي إشعارات,notifications
ياليت وش عندي إشعارات الآن,notifications
ياليت وش عندي إشعارات بسرعة,notifications
ياليت وش عندي إشعارات لو سمحت,notifications
ياليت وش عندي إشعارات من فضلك,notifications
اعرض الإشعارات,notifications
أبي الإشعارات,notifications
ورني التنبيهات,notifications
افتح الإشعارات,notifications
التنبيهات,notifications
الإشعارات,notifications
آخر إشعار,notifications
وش الجديد,notifications
رسائل التطبيق,notifications
كم باقي بحسابي,balance
وش معي بالحساب,balance
ورني الرصيد,balance
أبي أعرف كم معي,balance
كم الفلوس اللي عندي,balance
كم موجود بحسابي,balance
كم الرصيد الحالي,balance
أبي أشوف حسابي,balance

ورني بطاقاتي,cards
بطاقة مدى,cards
بطاقة الائتمان,cards
وش بطاقاتي,cards
كم بطاقة عندي,cards
اعرض بطاقة مدى,cards

آخر عملية,transactions
وش آخر عملية,transactions
آخر الحركات,transactions
ورني كشف الحساب,transactions
اعرض التحويلات,transactions
وش صرفت اليوم,transactions

افتح الصفحة الرئيسية,home
ارجع للرئيسية,home
الرئيسية,home

الإشعارات,notifications
وش عندي إشعارات,notifications
ورني التنبيهات,notifications

وين أقرب فرع,branch
دلني على فرع,branch

وين أقرب صراف,atm
دلني على صراف,atm

حول ألف ريال,transfer
أبي أحول فلوس,transfer
نفذ تحويل,transfer

ساعدني,help
كيف أستخدم التطبيق,help
اشرح لي التطبيق,help
